category,start_time,end_time,duration_s,lat,lon,depth_min_m,depth_max_m,sv_sum,sv_max,sv_max_db,n_hits
school,2026-06-12 07:01:29,2026-06-12 07:07:34,366,55.75089321108394,12.722982811735942,5.2,9.8,69009.0453,2124.7805,33.273140720039734,1227
individual_fish,2026-06-12 07:01:38,2026-06-12 07:01:39,2,55.746615000000006,12.71647,7.8,8.2,569.7235000000001,296.6554,24.722522581811667,4
individual_fish,2026-06-12 07:01:54,2026-06-12 07:01:54,1,55.74699,12.71712,5.2,5.8,58.8942,37.7811,15.772745982913612,2
individual_fish,2026-06-12 07:01:56,2026-06-12 07:01:57,2,55.74705,12.717213333333333,8.2,8.8,328.63790000000006,203.1689,23.0785722924136,3
individual_fish,2026-06-12 07:02:20,2026-06-12 07:02:20,1,55.74764,12.7181,7.2,7.2,55.3816,55.3816,17.433654985589484,1
individual_fish,2026-06-12 07:02:51,2026-06-12 07:02:51,1,55.74848,12.71933,8.8,9.2,198.9432,196.5164,22.93398799659531,2
individual_fish,2026-06-12 07:03:17,2026-06-12 07:03:18,2,55.749129999999994,12.720324999999999,8.8,9.2,872.9167000000001,431.3432,26.34822955901765,4
individual_fish,2026-06-12 07:03:22,2026-06-12 07:03:22,1,55.74927,12.72056,6.2,7.2,127.6275,94.2478,19.742712213816876,3
individual_fish,2026-06-12 07:03:28,2026-06-12 07:03:30,3,55.74945,12.720828000000001,8.2,9.2,1063.1365999999998,894.1437,29.514073209233235,5
individual_fish,2026-06-12 07:03:34,2026-06-12 07:03:36,3,55.74961857142857,12.721057142857143,8.2,9.2,1489.6891999999998,710.0726,28.51302754588766,7
individual_fish,2026-06-12 07:03:41,2026-06-12 07:03:42,2,55.749784999999996,12.721290000000002,8.2,8.8,510.89970000000005,252.6512,24.02521365317731,4
individual_fish,2026-06-12 07:03:48,2026-06-12 07:03:48,1,55.74993,12.72149,9.2,9.2,311.2462,311.2462,24.931040578416063,1
individual_fish,2026-06-12 07:04:00,2026-06-12 07:04:01,2,55.75029000000001,12.722000000000001,8.2,8.8,211.86489999999998,154.3492,21.885043828528666,4
individual_fish,2026-06-12 07:04:08,2026-06-12 07:04:09,2,55.750499999999995,12.722304999999999,8.8,9.2,1557.3306999999998,1511.9369,31.79533666460395,4
individual_fish,2026-06-12 07:04:15,2026-06-12 07:04:15,1,55.75068,12.72255,8.2,8.8,496.1319,485.7355,26.863998450639382,2
individual_fish,2026-06-12 07:04:19,2026-06-12 07:04:20,2,55.75079,12.722725,8.2,8.8,1288.5146,815.0723,29.111961340140546,4
individual_fish,2026-06-12 07:04:26,2026-06-12 07:04:28,3,55.75098,12.72303,8.2,8.2,1232.4678999999999,566.5391,27.53229888300485,3
individual_fish,2026-06-12 07:04:34,2026-06-12 07:04:36,3,55.75114666666667,12.723313333333332,8.2,9.2,1712.0603,1446.3684,31.602789248462052,6
individual_fish,2026-06-12 07:05:06,2026-06-12 07:05:08,3,55.751995,12.724626666666666,8.2,9.2,758.8399000000001,419.6404,26.22877292325295,6
individual_fish,2026-06-12 07:05:10,2026-06-12 07:05:11,2,55.75209,12.724766666666667,8.2,8.8,1021.9044,667.6686,28.24560952139739,3
individual_fish,2026-06-12 07:06:03,2026-06-12 07:06:04,2,55.75345000000001,12.726800000000003,8.2,8.8,420.3978,334.5701,25.24487126150482,3
individual_fish,2026-06-12 07:06:24,2026-06-12 07:06:26,3,55.75398199999999,12.727698,8.2,8.8,384.9948,319.2203,25.04090501405683,5
individual_fish,2026-06-12 07:06:36,2026-06-12 07:06:37,2,55.75427,12.728173333333332,7.8,8.2,266.66229999999996,106.6661,20.280264164046798,3
individual_fish,2026-06-12 07:06:43,2026-06-12 07:06:44,2,55.75446,12.72845,8.8,9.8,947.5359000000001,819.2753,29.134298616879025,4
individual_fish,2026-06-12 07:06:46,2026-06-12 07:06:47,2,55.75454,12.728563333333334,8.2,8.8,151.8843,126.2673,21.01290893957524,3
school,2026-06-12 07:07:36,2026-06-12 07:07:44,9,55.755896363636346,12.730581818181816,7.8,9.8,388.0232,104.5398,20.19281664893361,22
individual_fish,2026-06-12 07:07:38,2026-06-12 07:07:38,1,55.75586,12.73052,7.8,8.2,43.7504,35.2832,15.475679664631564,2
school,2026-06-12 07:07:46,2026-06-12 07:07:59,14,55.756254687500004,12.7311625,8.2,9.8,3826.3805,1197.8124,30.783888046771438,32
individual_fish,2026-06-12 07:07:57,2026-06-12 07:07:59,3,55.75637833333334,12.731356666666665,8.2,9.2,1056.5102,646.9678,28.108826660932525,6
school,2026-06-12 07:08:01,2026-06-12 07:15:11,431,55.7616902647975,12.740095950155764,4.8,10.2,34194.9764,1622.8385,32.10275302297766,1284
individual_fish,2026-06-12 07:08:12,2026-06-12 07:08:13,2,55.75676,12.731929999999998,8.8,9.2,1340.3681,721.8096,28.584226538377877,4
individual_fish,2026-06-12 07:08:19,2026-06-12 07:08:20,2,55.756946666666664,12.732193333333333,7.8,8.2,210.3271,94.716,19.7642334885299,3
individual_fish,2026-06-12 07:09:14,2026-06-12 07:09:15,2,55.75833,12.73433,8.2,8.8,596.899,394.5522,25.96104469325505,4
individual_fish,2026-06-12 07:09:19,2026-06-12 07:09:20,2,55.75847000000001,12.734523333333334,7.8,8.2,98.0354,85.5625,19.322834654780653,3
individual_fish,2026-06-12 07:09:22,2026-06-12 07:09:24,3,55.75857833333333,12.734683333333335,8.8,9.8,298.879,113.8553,20.563532519663518,6
individual_fish,2026-06-12 07:09:33,2026-06-12 07:09:34,2,55.758855,12.735100000000001,8.8,9.2,183.353,89.5803,19.52212512541873,4
individual_fish,2026-06-12 07:09:36,2026-06-12 07:09:37,2,55.758925,12.73522,8.2,8.8,252.1058,116.1373,20.649717251867884,4
individual_fish,2026-06-12 07:09:41,2026-06-12 07:09:43,3,55.75906,12.735434285714287,8.8,9.8,694.2513000000001,309.028,24.899978311872196,7
individual_fish,2026-06-12 07:10:00,2026-06-12 07:10:02,3,55.75953,12.736159999999998,8.8,9.2,229.52620000000002,186.9152,22.716446197721375,4
individual_fish,2026-06-12 07:10:34,2026-06-12 07:10:34,1,55.76038,12.73754,9.2,9.2,175.8306,175.8306,22.450944580795817,1
individual_fish,2026-06-12 07:10:51,2026-06-12 07:10:54,4,55.760844999999996,12.738236,8.2,9.8,1946.5654,1253.4469,30.981059405874532,10
individual_fish,2026-06-12 07:11:31,2026-06-12 07:11:32,2,55.76184500000001,12.739830000000001,8.2,8.8,148.0162,89.2032,19.50380434167766,4
individual_fish,2026-06-12 07:11:36,2026-06-12 07:11:37,2,55.761950000000006,12.739973333333333,8.2,8.8,472.22339999999997,341.0077,25.327641855313704,3
individual_fish,2026-06-12 07:12:14,2026-06-12 07:12:15,2,55.76271666666667,12.741856666666665,8.8,9.2,1018.7003,943.726,29.74845920186808,3
individual_fish,2026-06-12 07:13:13,2026-06-12 07:13:14,2,55.764039999999994,12.744385,4.8,5.2,76.0933,33.6736,15.272895487182979,4
individual_fish,2026-06-12 07:13:42,2026-06-12 07:13:43,2,55.76478,12.745215000000002,8.8,9.8,780.2661,490.0992,26.902839936045105,6
school,2026-06-12 07:15:32,2026-06-12 07:15:36,5,55.764869999999995,12.7465,9.8,10.2,3.4051,1.0284,0.12162067970822983,5
school,2026-06-12 07:15:43,2026-06-12 07:15:46,4,55.76487999999999,12.7465,9.2,10.2,2.7394,0.9267,-0.3306083697888694,5
school,2026-06-12 07:15:48,2026-06-12 07:15:48,1,55.76489,12.7465,9.8,9.8,0.5398,0.5398,-2.6776711977950223,1
school,2026-06-12 07:15:56,2026-06-12 07:16:11,16,55.764918,12.746498285714285,9.2,10.2,45.986200000000004,5.0088,6.997336907770601,35
school,2026-06-12 07:16:13,2026-06-12 07:16:17,5,55.76494125000001,12.74649,9.2,10.2,3.6859,1.4054,1.4779994920119999,8
school,2026-06-12 07:16:19,2026-06-12 07:17:06,48,55.765015500000004,12.746447374999999,8.8,10.2,631.2606999999999,20.0508,13.021317050686363,160
school,2026-06-12 07:17:17,2026-06-12 07:17:18,2,55.765105,12.74636,9.2,9.8,7.2025,6.3914,8.055959983272542,2
school,2026-06-12 07:17:27,2026-06-12 07:17:28,2,55.76513,12.74633,9.8,9.8,3.2816,1.9604,2.92344693840592,2
school,2026-06-12 07:17:31,2026-06-12 07:17:31,1,55.76514,12.74632,9.2,9.8,6.861199999999999,6.3927,8.0568432411138,2
school,2026-06-12 07:17:33,2026-06-12 07:17:33,1,55.76514,12.74631,9.8,9.8,12.4922,12.4922,10.966389286642347,1
school,2026-06-12 07:17:36,2026-06-12 07:17:36,1,55.76514,12.7463,9.8,9.8,1.3333,1.3333,1.2492787911053307,1
school,2026-06-12 07:17:38,2026-06-12 07:17:38,1,55.76515,12.74629,9.8,9.8,1.9561,1.9561,2.9139105307840696,1
school,2026-06-12 07:17:40,2026-06-12 07:49:34,1915,55.75622534530164,12.730182351609253,5.2,10.2,285737.8132,7910.0322,38.98178251418518,6183
individual_fish,2026-06-12 07:19:07,2026-06-12 07:19:09,3,55.76530333333334,12.74642,9.8,10.2,151.3883,76.3568,18.828477194667485,6
individual_fish,2026-06-12 07:19:50,2026-06-12 07:19:51,2,55.764895,12.74649,9.8,10.2,414.82560000000007,158.7324,22.006655827412096,4
individual_fish,2026-06-12 07:27:22,2026-06-12 07:27:34,13,55.765469375,12.745235625000001,7.8,9.2,3398.3115,314.2629,24.97293113832395,48
individual_fish,2026-06-12 07:29:21,2026-06-12 07:29:25,5,55.765076,12.744305999999998,8.8,9.2,1246.2511999999997,529.7783,27.240941653933287,10
individual_fish,2026-06-12 07:30:12,2026-06-12 07:30:13,2,55.763935000000004,12.742579999999998,9.2,9.8,470.67470000000003,348.1161,25.417241094074328,4
individual_fish,2026-06-12 07:31:00,2026-06-12 07:31:01,2,55.762750000000004,12.740686666666667,9.8,10.2,103.47710000000001,95.8623,19.816478446988047,3
individual_fish,2026-06-12 07:31:07,2026-06-12 07:31:08,2,55.762575,12.74043,8.8,8.8,59.379099999999994,53.6478,17.29551917029826,2
individual_fish,2026-06-12 07:31:23,2026-06-12 07:31:25,3,55.762146666666666,12.7398,8.8,8.8,116.82400000000001,114.0219,20.569882735795375,3
individual_fish,2026-06-12 07:33:27,2026-06-12 07:33:28,2,55.75909,12.735050000000001,8.8,9.2,275.98269999999997,124.8595,20.9642159146604,4
individual_fish,2026-06-12 07:34:34,2026-06-12 07:34:36,3,55.75739714285714,12.732362857142858,8.8,9.8,284.76470000000006,262.6659,24.194036951572457,7
individual_fish,2026-06-12 07:35:10,2026-06-12 07:35:11,2,55.756518571428565,12.730982857142857,7.8,9.2,2177.8981000000003,1425.6057,31.539994231361202,7
individual_fish,2026-06-12 07:36:03,2026-06-12 07:36:05,3,55.75522000000001,12.72886,8.2,9.2,1114.6178,1048.838,30.207084137042905,5
individual_fish,2026-06-12 07:36:14,2026-06-12 07:36:15,2,55.75497,12.72843,8.8,9.2,921.0587,575.3436,27.599272864571507,4
individual_fish,2026-06-12 07:36:18,2026-06-12 07:36:19,2,55.754875,12.728275,9.2,9.2,723.9593,577.5774,27.616101914048738,2
individual_fish,2026-06-12 07:36:34,2026-06-12 07:36:35,2,55.7545,12.72768,8.8,9.2,956.8787,732.9905,28.65098345958571,4
individual_fish,2026-06-12 07:36:40,2026-06-12 07:36:41,2,55.754355000000004,12.727455,8.8,9.2,757.3443,675.9186,28.298943975697227,4
individual_fish,2026-06-12 07:37:08,2026-06-12 07:37:11,4,55.753600000000006,12.726287142857144,8.8,9.2,2851.7846999999997,2177.3589,33.379300208843425,7
individual_fish,2026-06-12 07:37:25,2026-06-12 07:37:25,1,55.75321,12.72571,7.8,8.2,144.87279999999998,82.0675,19.14171203829706,2
individual_fish,2026-06-12 07:37:27,2026-06-12 07:37:28,2,55.753175,12.72565,8.8,9.2,171.8324,95.1956,19.78616875486564,4
individual_fish,2026-06-12 07:38:36,2026-06-12 07:38:37,2,55.751470000000005,12.722850000000001,8.2,8.8,871.1796,380.8736,25.807808708713154,4
individual_fish,2026-06-12 07:39:06,2026-06-12 07:39:08,3,55.75076000000001,12.721669999999998,8.2,8.8,4732.8094,4286.7827,36.32131469378891,6
individual_fish,2026-06-12 07:39:39,2026-06-12 07:39:40,2,55.749945,12.72036,5.2,6.2,184.2903,151.8349,21.813716077606703,4
individual_fish,2026-06-12 07:39:46,2026-06-12 07:39:47,2,55.74978,12.72004,8.2,8.8,1638.8598,777.0255,28.904352714747468,4
individual_fish,2026-06-12 07:39:58,2026-06-12 07:39:59,2,55.749536666666664,12.719546666666666,7.2,7.8,124.2508,114.6505,20.59375953063057,3
individual_fish,2026-06-12 07:40:01,2026-06-12 07:40:02,2,55.749449999999996,12.719375,8.8,8.8,2185.2049,1895.9022,32.77815930525349,2
individual_fish,2026-06-12 07:40:22,2026-06-12 07:40:24,3,55.74897166666667,12.718455,7.8,8.8,1803.9708,1193.5406,30.768371967454268,6
individual_fish,2026-06-12 07:40:28,2026-06-12 07:40:29,2,55.74883,12.718219999999999,8.8,8.8,531.7722,495.0788,26.94674329603261,2
individual_fish,2026-06-12 07:40:56,2026-06-12 07:40:57,2,55.748180000000005,12.717044999999999,8.8,9.2,1377.4397999999999,785.8107,28.95317938091616,4
individual_fish,2026-06-12 07:41:01,2026-06-12 07:41:05,5,55.748037999999994,12.716755999999998,8.2,9.2,6305.777899999999,2109.8057,33.24242461315082,10
individual_fish,2026-06-12 07:41:29,2026-06-12 07:41:30,2,55.74745,12.71563,8.2,8.8,2489.6182,1269.3032,31.035653749383677,4
individual_fish,2026-06-12 07:41:33,2026-06-12 07:41:34,2,55.747365,12.715485000000001,8.2,8.8,344.02369999999996,171.6379,22.346131922741087,4
individual_fish,2026-06-12 07:42:18,2026-06-12 07:42:18,1,55.74633,12.71352,8.8,8.8,1204.689,1204.689,30.808749448225083,1
individual_fish,2026-06-12 07:42:45,2026-06-12 07:42:45,1,55.74572,12.71235,5.2,5.2,7.2088,7.2088,8.578629766816606,1
individual_fish,2026-06-12 07:43:21,2026-06-12 07:43:23,3,55.74486714285714,12.710777142857141,8.2,9.2,3482.5076999999997,2884.2017,34.60025628493291,7
individual_fish,2026-06-12 07:44:07,2026-06-12 07:44:08,2,55.743829999999996,12.708825000000001,8.2,8.8,1297.4691,741.5188,28.701221663323807,4
individual_fish,2026-06-12 07:44:31,2026-06-12 07:44:33,3,55.743278333333336,12.707753333333335,7.8,8.8,343.5942,130.4541,21.15457732952487,6
individual_fish,2026-06-12 07:45:58,2026-06-12 07:45:59,2,55.741279999999996,12.704136666666665,8.8,9.2,221.05469999999997,119.0152,20.756024307586376,3
individual_fish,2026-06-12 07:46:32,2026-06-12 07:46:33,2,55.740520000000004,12.70265,8.2,9.2,6370.805,4856.6436,36.863362343701965,6
individual_fish,2026-06-12 07:46:44,2026-06-12 07:46:46,3,55.74024000000001,12.702102857142858,8.2,9.2,6446.4981,5694.7925,37.554779044033985,7
individual_fish,2026-06-12 07:46:54,2026-06-12 07:46:55,2,55.74004,12.70171,7.8,8.8,245.40709999999999,162.2635,22.102208394114204,5
individual_fish,2026-06-12 07:47:22,2026-06-12 07:47:24,3,55.739411999999994,12.700455999999999,8.8,9.2,1570.6851,1247.6525,30.960936411577116,5
individual_fish,2026-06-12 07:47:32,2026-06-12 07:47:33,2,55.739178,12.700052000000001,7.2,8.2,1734.4862,1488.8104,31.728393938726004,5
individual_fish,2026-06-12 07:47:54,2026-06-12 07:47:55,2,55.738675,12.699129999999998,8.8,9.2,707.7756,453.601,26.566740033231287,4
individual_fish,2026-06-12 07:48:11,2026-06-12 07:48:22,12,55.73817384615384,12.698182692307691,7.8,9.2,3235.8063,458.8063,26.616293726914165,26
individual_fish,2026-06-12 07:48:28,2026-06-12 07:48:29,2,55.7379,12.69771,8.8,9.2,357.0883,247.8635,23.942125779348874,3
individual_fish,2026-06-12 07:48:34,2026-06-12 07:48:37,4,55.737743333333334,12.697405555555555,7.8,8.8,2220.0938,1211.6432,30.83374749298613,9
individual_fish,2026-06-12 07:49:09,2026-06-12 07:49:10,2,55.736956666666664,12.695913333333335,8.8,9.2,322.2662,281.2484,24.49090060459339,3
individual_fish,2026-06-12 07:49:24,2026-06-12 07:49:25,2,55.73665333333333,12.695306666666667,8.8,9.2,60.9036,36.0158,15.564930659744826,3
individual_fish,2026-06-12 07:49:28,2026-06-12 07:49:29,2,55.736540000000005,12.695079999999999,8.8,9.2,696.8423,545.9782,27.371753023957336,4
individual_fish,2026-06-12 07:49:33,2026-06-12 07:49:34,2,55.73642,12.69487,7.2,7.8,74.2167,37.7795,15.772562058706775,4
school,2026-06-12 07:49:36,2026-06-12 07:50:07,32,55.735997058823514,12.694121323529409,7.8,9.2,4238.0028,1604.4586,32.05328515433694,68
individual_fish,2026-06-12 07:49:46,2026-06-12 07:49:47,2,55.736115,12.694335,8.2,8.8,463.9748000000001,263.5208,24.208149002647282,4
individual_fish,2026-06-12 07:49:50,2026-06-12 07:49:51,2,55.73602333333333,12.694173333333334,8.8,9.2,331.0039,238.041,23.76651766049023,3
individual_fish,2026-06-12 07:49:57,2026-06-12 07:49:58,2,55.735855,12.693874999999998,7.8,8.2,1675.3515,1604.4586,32.05328515433694,4
individual_fish,2026-06-12 07:50:03,2026-06-12 07:50:04,2,55.73572,12.69362,8.2,8.8,1594.8653000000002,612.2859,27.86954258418744,4
school,2026-06-12 07:50:09,2026-06-12 07:50:10,2,55.73561333333333,12.693426666666667,8.8,9.2,1.8555000000000001,1.1997,0.7907265885318409,3
school,2026-06-12 07:50:12,2026-06-12 07:50:24,13,55.73539076923077,12.693,7.8,9.2,2627.3329,1051.8506,30.219540590161408,26
individual_fish,2026-06-12 07:50:13,2026-06-12 07:50:14,2,55.73551666666666,12.69323,7.8,8.2,68.9589,52.2997,17.18499197687193,3
school,2026-06-12 07:50:26,2026-06-12 07:50:39,14,55.73505909090909,12.692432727272728,8.8,9.2,79.62890000000002,13.8468,11.413494193994078,22
individual_fish,2026-06-12 07:50:41,2026-06-12 07:50:42,2,55.734849999999994,12.692055,8.8,8.8,108.6957,63.0895,17.999570855276918,2
school,2026-06-12 07:50:41,2026-06-12 07:50:48,8,55.73479071428572,12.691946428571427,8.8,9.8,593.3946,287.1844,24.581608451178777,14
individual_fish,2026-06-12 07:50:44,2026-06-12 07:50:45,2,55.734775,12.69192,8.8,9.2,437.8446,276.3607,24.414762840471443,4
school,2026-06-12 07:50:50,2026-06-12 07:51:06,17,55.73447647058823,12.691367647058822,8.8,9.8,500.04249999999996,79.019,18.977315293035403,34
school,2026-06-12 07:51:08,2026-06-12 07:51:27,20,55.73398577777779,12.69048377777778,8.2,9.8,3515.8077999999996,1074.5104,30.31210623308852,45
school,2026-06-12 07:51:29,2026-06-12 07:51:46,18,55.73355180000001,12.6896944,8.2,9.8,4342.2279,874.009,29.415159047513512,50
individual_fish,2026-06-12 07:51:38,2026-06-12 07:51:39,2,55.73355,12.689679999999997,8.8,9.8,268.0442,115.9061,20.641062929664116,6
school,2026-06-12 07:51:49,2026-06-12 07:51:51,3,55.733268333333335,12.689196666666666,8.8,9.8,9.4938,6.7655,8.302998983788287,6
school,2026-06-12 07:51:53,2026-06-12 07:51:59,7,55.733130714285714,12.688939285714286,8.8,9.8,660.9323,416.649,26.197703438119717,14
individual_fish,2026-06-12 07:51:56,2026-06-12 07:51:57,2,55.733112000000006,12.688909999999998,8.8,9.8,505.44179999999994,416.649,26.197703438119717,5
school,2026-06-12 07:52:03,2026-06-12 07:52:07,5,55.7329411111111,12.688547777777778,8.8,9.8,882.4042999999999,426.1302,26.295423138967347,9
individual_fish,2026-06-12 07:52:03,2026-06-12 07:52:04,2,55.73296500000001,12.688595,8.8,9.2,843.712,426.1301,26.295422119808105,4
school,2026-06-12 07:52:09,2026-06-12 07:52:12,4,55.732806666666676,12.688266666666665,8.2,9.8,4987.1273,3704.9768,35.68785492838012,12
school,2026-06-12 07:52:14,2026-06-12 07:54:43,150,55.73103924390244,12.684950073170732,6.2,10.2,13715.401,3912.1797,35.924187952275226,410
individual_fish,2026-06-12 07:52:22,2026-06-12 07:52:23,2,55.73255333333333,12.687756666666667,8.8,9.2,502.2037,387.3069,25.880552341542522,3
individual_fish,2026-06-12 07:52:34,2026-06-12 07:52:35,2,55.732275,12.687280000000001,8.2,8.8,320.6466,159.2823,22.02167518177669,4
individual_fish,2026-06-12 07:52:57,2026-06-12 07:52:57,1,55.73174,12.68631,8.2,8.2,38.9395,38.9395,15.903903706910732,1
individual_fish,2026-06-12 07:53:01,2026-06-12 07:53:04,4,55.73162555555555,12.68608222222222,8.2,9.8,2478.2401,1550.0963,31.903586796280095,9
individual_fish,2026-06-12 07:53:10,2026-06-12 07:53:12,3,55.73143285714285,12.685702857142857,8.2,9.2,4384.2855,3912.1626,35.92416896937455,7
individual_fish,2026-06-12 07:53:17,2026-06-12 07:53:18,2,55.73132,12.685465,9.8,9.8,405.5273,404.3231,26.06728554383251,2
individual_fish,2026-06-12 07:53:28,2026-06-12 07:53:29,2,55.73105,12.684953333333333,8.2,8.8,209.2422,200.1996,23.0146320542119,3
individual_fish,2026-06-12 07:53:53,2026-06-12 07:53:54,2,55.730466666666665,12.683876666666668,6.8,7.2,7.9846,4.6169,6.643504680277454,3
individual_fish,2026-06-12 07:53:56,2026-06-12 07:53:56,1,55.73041,12.68378,6.2,6.2,12.383,12.383,10.928258729239799,1
individual_fish,2026-06-12 07:54:22,2026-06-12 07:54:23,2,55.729825,12.682640000000001,9.2,10.2,1116.6911,354.6377,25.49784901686982,6
school,2026-06-12 07:54:45,2026-06-12 07:54:47,3,55.729293333333324,12.681669999999999,8.8,9.8,14.0062,9.3986,9.730631666255848,6
school,2026-06-12 07:54:49,2026-06-12 07:55:10,22,55.72897708333333,12.681037499999997,8.8,9.8,1688.1218,541.5418,27.336319841538007,48
individual_fish,2026-06-12 07:54:54,2026-06-12 07:54:57,4,55.729061428571434,12.681215714285713,9.2,9.8,1570.7215999999999,537.7938,27.30615791116534,7
school,2026-06-12 07:55:12,2026-06-12 07:59:55,284,55.72585247658689,12.675177003121748,5.8,11.2,22332.7251,7244.1851,38.59989538671504,961
individual_fish,2026-06-12 07:55:22,2026-06-12 07:55:23,2,55.728480000000005,12.679969999999999,8.2,8.8,127.7098,59.7271,17.76171428449183,4
individual_fish,2026-06-12 07:56:42,2026-06-12 07:56:43,2,55.726683333333334,12.676483333333335,9.2,9.8,269.4549,217.5204,23.374999932077678,3
individual_fish,2026-06-12 07:56:49,2026-06-12 07:56:50,2,55.72654,12.67616,9.2,9.8,1015.2453,524.5181,27.1976047936369,4
individual_fish,2026-06-12 07:56:58,2026-06-12 07:56:59,2,55.726358000000005,12.675852,8.8,9.8,1883.397,1134.5364,30.548184341703113,5
individual_fish,2026-06-12 07:58:16,2026-06-12 07:58:17,2,55.72503666666666,12.67357,9.8,10.2,188.5747,145.9136,21.640957725630173,3
individual_fish,2026-06-12 07:58:59,2026-06-12 07:59:00,2,55.72445,12.673263333333333,5.8,6.2,164.97820000000002,155.2698,21.910869935986618,3
individual_fish,2026-06-12 07:59:19,2026-06-12 07:59:21,3,55.72469000000001,12.673543333333335,9.2,10.2,441.24559999999997,289.6833,24.619234592117,6
individual_fish,2026-06-12 07:59:34,2026-06-12 07:59:35,2,55.724965000000005,12.673445000000001,8.8,9.8,244.6479,87.6294,19.426498380816497,6
individual_fish,2026-06-12 07:59:51,2026-06-12 07:59:51,1,55.72532,12.67356,7.2,7.2,29.2894,29.2894,14.667104751517893,1
individual_fish,2026-06-12 08:00:00,2026-06-12 08:00:00,1,55.72543,12.67369,7.8,8.2,4.0198,3.4964,5.436211115640331,2
school,2026-06-12 08:00:00,2026-06-12 08:00:00,1,55.72543,12.67369,7.8,8.2,4.0198,3.4964,5.436211115640331,2
school,2026-06-12 08:00:10,2026-06-12 08:00:19,10,55.72551625,12.673789166666666,5.2,11.2,9473.958,2956.5996,34.70792513810959,24
individual_fish,2026-06-12 08:00:10,2026-06-12 08:00:14,5,55.725505,12.673773749999999,5.2,10.2,291.67,153.9129,21.87275021157218,8
individual_fish,2026-06-12 08:00:17,2026-06-12 08:00:19,3,55.725525,12.67381,6.8,11.2,11.7087,4.5082,6.540031746699131,4
individual_fish,2026-06-12 08:00:33,2026-06-12 08:00:34,2,55.72558333333333,12.673873333333333,9.2,11.2,4.0985000000000005,2.5524,4.069487359503538,3
school,2026-06-12 08:00:33,2026-06-12 08:00:34,2,55.72558333333333,12.673873333333333,9.2,11.2,4.0985000000000005,2.5524,4.069487359503538,3
school,2026-06-12 08:00:38,2026-06-12 08:00:41,4,55.7256088888889,12.673908888888889,4.2,11.2,145.2934,61.5117,17.889577297943042,9
individual_fish,2026-06-12 08:00:39,2026-06-12 08:00:41,3,55.725609999999996,12.67391,4.8,11.2,3.1157,2.4023,3.8062724128878855,3
individual_fish,2026-06-12 08:00:43,2026-06-12 08:00:43,1,55.72562,12.67392,11.2,11.2,9.2968,9.2968,9.683334881784074,1
school,2026-06-12 08:00:43,2026-06-12 08:00:43,1,55.72562,12.67392,11.2,11.2,9.2968,9.2968,9.683334881784074,1
school,2026-06-12 08:00:46,2026-06-12 08:00:46,1,55.72562,12.67393,11.2,11.2,5.8661,5.8661,7.6834946216959565,1
individual_fish,2026-06-12 08:00:46,2026-06-12 08:00:46,1,55.72562,12.67393,11.2,11.2,5.8661,5.8661,7.6834946216959565,1
individual_fish,2026-06-12 08:00:49,2026-06-12 08:00:50,2,55.72564,12.67394,11.2,11.2,12.838899999999999,7.0653,8.491306071723258,2
school,2026-06-12 08:00:49,2026-06-12 08:00:50,2,55.72564,12.67394,11.2,11.2,12.838899999999999,7.0653,8.491306071723258,2
individual_fish,2026-06-12 08:00:53,2026-06-12 08:00:53,1,55.72565,12.67395,11.2,11.2,2.978,2.978,4.739246934161574,1
school,2026-06-12 08:00:53,2026-06-12 08:00:53,1,55.72565,12.67395,11.2,11.2,2.978,2.978,4.739246934161574,1
school,2026-06-12 08:00:59,2026-06-12 08:00:59,1,55.72567,12.67395,7.2,7.2,1.3273,1.3273,1.22969094393747,1
individual_fish,2026-06-12 08:00:59,2026-06-12 08:00:59,1,55.72567,12.67395,7.2,7.2,1.3273,1.3273,1.22969094393747,1
individual_fish,2026-06-12 08:01:08,2026-06-12 08:01:08,1,55.72569,12.67397,7.2,11.2,4.4835,2.7528,4.397746596128737,2
school,2026-06-12 08:01:08,2026-06-12 08:01:08,1,55.72569,12.67397,7.2,11.2,4.4835,2.7528,4.397746596128737,2
individual_fish,2026-06-12 08:01:20,2026-06-12 08:01:20,1,55.72572,12.67403,8.2,8.2,0.3026,0.3026,-5.191310763128322,1
school,2026-06-12 08:01:20,2026-06-12 08:01:20,1,55.72572,12.67403,8.2,8.2,0.3026,0.3026,-5.191310763128322,1
individual_fish,2026-06-12 08:01:26,2026-06-12 08:01:26,1,55.72573,12.67409,9.8,9.8,3.5835,3.5835,5.54307408805559,1
school,2026-06-12 08:01:26,2026-06-12 08:01:26,1,55.72573,12.67409,9.8,9.8,3.5835,3.5835,5.54307408805559,1
school,2026-06-12 08:01:28,2026-06-12 08:01:30,3,55.725722499999996,12.674115,9.2,10.8,48.57860000000001,21.9232,13.409039458392893,4
individual_fish,2026-06-12 08:01:28,2026-06-12 08:01:30,3,55.725722499999996,12.674115,9.2,10.8,48.5786,21.9232,13.409039458392893,4
individual_fish,2026-06-12 08:01:32,2026-06-12 08:01:33,2,55.72572,12.674145999999999,7.2,11.2,17.6049,8.7449,9.417548475829626,5
school,2026-06-12 08:01:32,2026-06-12 08:01:33,2,55.72572,12.674145999999999,7.2,11.2,17.6049,8.7449,9.417548475829626,5
individual_fish,2026-06-12 08:01:36,2026-06-12 08:01:37,2,55.7257,12.674175,7.8,10.2,2.625,1.6023,2.0474383268879977,2
school,2026-06-12 08:01:36,2026-06-12 08:01:37,2,55.7257,12.674175,7.8,10.2,2.625,1.6023,2.0474383268879977,2
